order_id,customer_id,order_date,product_id,quantity,price,revenue
1001,C001,2024-05-01,P101,2.0,500.0,1000.0
1002,C002,2024-01-05,P102,1.0,1200.0,1200.0
1003,C003,2024-01-05,P103,1.0,700.0,700.0
1004,C001,2024-07-01,P101,1.0,500.0,500.0
1005,C004,2024-08-01,P104,3.0,650.0,1950.0
1006,C005,2024-08-01,P105,2.0,300.0,600.0
1007,C002,2024-09-01,P102,1.0,1200.0,1200.0
1008,C006,2024-10-01,P106,5.0,150.0,750.0
