product_id,product_name,category,price
P101,Phone,Electronics,500
P102,Laptop,Electronics,1200
P103,Headphones,Electronics,700
P104,Shoes,Fashion,800
P105,T-shirt,Fashion,300
P106,Watch,Accessories,150